,din_instante,val_geracao,Estacao
0,2018-02-24,417.169,Verão
1,2018-02-25,475.154,Verão
2,2018-02-28,398.044,Verão
3,2018-03-01,449.129,Verão
4,2018-03-02,402.80400000000003,Verão
5,2018-03-03,443.012,Verão
6,2018-03-04,497.877,Verão
7,2018-03-05,454.081,Verão
8,2018-03-06,399.064,Verão
9,2018-03-07,404.524,Verão
10,2018-03-08,358.556,Verão
11,2018-03-09,449.984,Verão
12,2018-03-10,357.512,Verão
13,2018-03-11,409.748,Verão
14,2018-03-14,444.11400000000003,Verão
15,2018-03-15,429.298,Verão
16,2018-03-16,362.217,Verão
17,2018-03-17,500.44,Verão
18,2018-03-18,565.6659999999999,Verão
19,2018-03-19,500.636,Verão
20,2018-03-20,459.882,Verão
21,2018-03-21,563.331,Outono
22,2018-03-22,515.967,Outono
23,2018-03-23,602.891,Outono
24,2018-03-24,636.106,Outono
25,2018-03-25,494.881,Outono
26,2018-03-27,472.844,Outono
27,2018-03-28,536.093,Outono
28,2018-03-29,679.172,Outono
29,2018-03-30,679.399,Outono
30,2018-04-02,466.137,Outono
31,2018-04-03,449.826,Outono
32,2018-04-04,502.761,Outono
33,2018-04-05,559.727,Outono
34,2018-04-06,640.008,Outono
35,2018-04-07,658.944,Outono
36,2018-04-08,601.442,Outono
37,2018-04-09,537.161,Outono
38,2018-04-10,647.692,Outono
39,2018-04-11,655.344,Outono
40,2018-04-12,561.427,Outono
41,2018-04-13,708.48,Outono
42,2018-04-14,572.141,Outono
43,2018-04-15,432.994,Outono
44,2018-04-16,652.0749999999999,Outono
45,2018-04-17,696.213,Outono
46,2018-04-18,648.073,Outono
47,2018-04-19,609.048,Outono
48,2018-04-20,657.057,Outono
49,2018-04-21,785.634,Outono
50,2018-04-22,752.055,Outono
51,2018-04-23,829.916,Outono
52,2018-04-24,802.786,Outono
53,2018-04-25,826.157,Outono
54,2018-04-26,795.874,Outono
55,2018-04-27,678.556,Outono
56,2018-04-28,682.6030000000001,Outono
57,2018-04-29,768.183,Outono
58,2018-04-30,721.654,Outono
59,2018-05-01,822.76,Outono
60,2018-05-02,682.228,Outono
61,2018-05-03,563.14,Outono
62,2018-05-04,596.291,Outono
63,2018-05-05,713.823,Outono
64,2018-05-06,740.779,Outono
65,2018-05-07,815.803,Outono
66,2018-05-08,823.391,Outono
67,2018-05-09,800.599,Outono
68,2018-05-10,703.197,Outono
69,2018-05-11,557.813,Outono
70,2018-05-12,604.066,Outono
71,2018-05-13,609.466,Outono
72,2018-05-14,626.791,Outono
73,2018-05-15,641.951,Outono
74,2018-05-16,412.603,Outono
75,2018-05-17,623.908,Outono
76,2018-05-18,667.222,Outono
77,2018-05-20,943.186,Outono
78,2018-05-21,896.515,Outono
79,2018-05-22,882.431,Outono
80,2018-05-23,842.299,Outono
81,2018-05-24,821.635,Outono
82,2018-05-25,702.346,Outono
83,2018-05-26,837.994,Outono
84,2018-05-27,857.593,Outono
85,2018-05-28,818.337,Outono
86,2018-05-29,674.078,Outono
87,2018-05-30,796.061,Outono
88,2018-05-31,845.395,Outono
89,2018-06-01,659.505,Outono
90,2018-06-02,566.999,Outono
91,2018-06-03,552.8580000000001,Outono
92,2018-06-04,477.216,Outono
93,2018-06-05,530.409,Outono
94,2018-06-06,577.6,Outono
95,2018-06-08,468.402,Outono
96,2018-06-09,768.599,Outono
97,2018-06-10,546.524,Outono
98,2018-06-11,703.6560000000001,Outono
99,2018-06-12,620.987,Outono
100,2018-06-14,564.423,Outono
101,2018-06-15,730.455,Outono
102,2018-06-16,718.907,Outono
103,2018-06-17,809.726,Outono
104,2018-06-18,749.838,Outono
105,2018-06-19,811.743,Outono
106,2018-06-20,786.097,Outono
107,2018-06-21,783.935,Inverno
108,2018-06-22,533.016,Inverno
109,2018-06-23,685.425,Inverno
110,2018-06-24,355.479,Inverno
111,2018-06-25,818.3530000000001,Inverno
112,2018-06-26,779.141,Inverno
113,2018-06-27,714.571,Inverno
114,2018-06-28,747.058,Inverno
115,2018-06-29,720.662,Inverno
116,2018-06-30,772.43,Inverno
117,2018-07-01,742.031,Inverno
118,2018-07-02,800.612,Inverno
119,2018-07-03,774.919,Inverno
120,2018-07-04,767.807,Inverno
121,2018-07-05,789.422,Inverno
122,2018-07-06,787.277,Inverno
123,2018-07-07,771.451,Inverno
124,2018-07-08,735.911,Inverno
125,2018-07-09,672.451,Inverno
126,2018-07-10,803.65,Inverno
127,2018-07-11,851.501,Inverno
128,2018-07-12,789.208,Inverno
129,2018-07-13,689.3580000000001,Inverno
130,2018-07-14,804.053,Inverno
131,2018-07-15,812.995,Inverno
132,2018-07-16,779.731,Inverno
133,2018-07-17,781.013,Inverno
134,2018-07-18,761.272,Inverno
135,2018-07-19,749.317,Inverno
136,2018-07-20,806.342,Inverno
137,2018-07-21,707.688,Inverno
138,2018-07-22,669.787,Inverno
139,2018-07-23,749.923,Inverno
140,2018-07-24,748.87,Inverno
141,2018-07-25,743.917,Inverno
142,2018-07-26,723.21,Inverno
143,2018-07-27,759.428,Inverno
144,2018-07-28,732.99,Inverno
145,2018-07-29,745.271,Inverno
146,2018-07-30,616.319,Inverno
147,2018-07-31,746.209,Inverno
148,2018-08-01,459.763,Inverno
149,2018-08-02,583.316,Inverno
150,2018-08-04,478.568,Inverno
151,2018-08-07,538.66,Inverno
152,2018-08-09,459.635,Inverno
153,2018-08-14,926.945,Inverno
154,2018-08-15,800.236,Inverno
155,2018-08-16,750.774,Inverno
156,2018-08-17,903.211,Inverno
157,2018-08-18,924.797,Inverno
158,2018-08-19,882.965,Inverno
159,2018-08-20,912.052,Inverno
160,2018-08-21,792.0,Inverno
161,2018-08-23,827.393,Inverno
162,2018-08-24,363.341,Inverno
163,2018-08-25,712.0213,Inverno
164,2018-08-29,932.428,Inverno
165,2018-09-01,901.254,Inverno
166,2018-09-02,628.49,Inverno
167,2018-09-03,416.43399999999997,Inverno
168,2018-09-04,778.105,Inverno
169,2018-09-10,939.124,Inverno
170,2018-09-11,933.926,Inverno
171,2018-09-12,927.518,Inverno
172,2018-09-13,873.72,Inverno
173,2018-09-15,486.056,Inverno
174,2018-09-16,739.383,Inverno
175,2018-09-18,425.736,Inverno
176,2018-09-19,872.121,Inverno
177,2018-09-20,446.847,Inverno
178,2018-09-25,830.433,Primavera
179,2018-09-26,790.718,Primavera
180,2018-09-27,428.444,Primavera
181,2018-09-28,836.467,Primavera
182,2018-09-29,793.051,Primavera
183,2018-10-01,904.306,Primavera
184,2018-10-02,789.998,Primavera
185,2018-10-03,855.115,Primavera
186,2018-10-04,869.1840000000001,Primavera
187,2018-10-05,889.415,Primavera
188,2018-10-06,922.5649999999999,Primavera
189,2018-10-07,619.242,Primavera
190,2018-10-08,421.229,Primavera
191,2018-10-09,610.747,Primavera
192,2018-10-10,536.011,Primavera
193,2018-10-11,682.13,Primavera
194,2018-10-14,763.89,Primavera
195,2018-10-15,776.649,Primavera
196,2018-10-16,671.602,Primavera
197,2018-10-17,830.144,Primavera
198,2018-10-18,851.082,Primavera
199,2018-10-19,711.836,Primavera
200,2018-10-23,879.437,Primavera
201,2018-10-24,466.72,Primavera
202,2018-10-26,375.99899999999997,Primavera
203,2018-10-27,552.183,Primavera
204,2018-10-28,922.695,Primavera
205,2018-10-29,862.691,Primavera
206,2018-10-30,882.893,Primavera
207,2018-10-31,740.562,Primavera
208,2018-11-01,720.792,Primavera
209,2018-11-02,837.864,Primavera
210,2018-11-03,878.5459999999999,Primavera
211,2018-11-04,455.99,Primavera
212,2018-11-05,792.029,Primavera
213,2018-11-06,810.087,Primavera
214,2018-11-07,552.542,Primavera
215,2018-11-08,386.451,Primavera
216,2018-11-09,544.722,Primavera
217,2018-11-10,503.857,Primavera
218,2018-11-11,677.087,Primavera
219,2018-11-12,872.639,Primavera
220,2018-11-13,882.101,Primavera
221,2018-11-14,801.763,Primavera
222,2018-11-15,821.91,Primavera
223,2018-11-16,871.774,Primavera
224,2018-11-17,607.033,Primavera
225,2018-11-18,520.933,Primavera
226,2018-11-20,593.626,Primavera
227,2018-11-21,822.513,Primavera
228,2018-11-22,592.042,Primavera
229,2018-11-24,388.757,Primavera
230,2018-11-25,702.693,Primavera
231,2018-11-26,828.703,Primavera
232,2018-11-27,887.343,Primavera
233,2018-11-28,904.507,Primavera
234,2018-11-29,662.774,Primavera
235,2018-11-30,530.166,Primavera
236,2018-12-01,459.488,Primavera
237,2018-12-02,549.748,Primavera
238,2018-12-03,870.136,Primavera
239,2018-12-04,800.626,Primavera
240,2018-12-05,762.854,Primavera
241,2018-12-06,839.622,Primavera
242,2018-12-07,876.04,Primavera
243,2018-12-08,899.223,Primavera
244,2018-12-09,849.586,Primavera
245,2018-12-10,890.913,Primavera
246,2018-12-11,830.403,Primavera
247,2018-12-12,853.114,Primavera
248,2018-12-13,840.875,Primavera
249,2018-12-14,789.6519999999999,Primavera
250,2018-12-15,721.713,Primavera
251,2018-12-16,855.318,Primavera
252,2018-12-17,866.39,Primavera
253,2018-12-18,520.979,Primavera
254,2018-12-19,617.399,Primavera
255,2018-12-20,931.032,Primavera
256,2018-12-21,624.801,Verão
257,2018-12-22,606.528,Verão
258,2018-12-23,513.246,Verão
259,2018-12-24,525.34,Verão
260,2018-12-25,478.353,Verão
261,2018-12-26,515.231,Verão
262,2018-12-27,706.349,Verão
263,2018-12-28,686.419,Verão
264,2018-12-29,825.263,Verão
265,2018-12-30,703.411,Verão
266,2018-12-31,815.688,Verão
267,2019-01-01,783.087,Verão
268,2019-01-02,773.525,Verão
269,2019-01-03,590.399,Verão
270,2019-01-04,675.589,Verão
271,2019-01-05,469.83,Verão
272,2019-01-06,581.659,Verão
273,2019-01-07,864.937,Verão
274,2019-01-08,751.0889999999999,Verão
275,2019-01-09,788.486,Verão
276,2019-01-10,799.6320000000001,Verão
277,2019-01-11,767.404,Verão
278,2019-01-12,813.931,Verão
279,2019-01-13,755.582,Verão
280,2019-01-14,729.85,Verão
281,2019-01-15,624.515,Verão
282,2019-01-16,579.5550000000001,Verão
283,2019-01-17,728.999,Verão
284,2019-01-18,585.388,Verão
285,2019-01-19,534.859,Verão
286,2019-01-20,821.246,Verão
287,2019-01-21,878.213,Verão
288,2019-01-22,846.359,Verão
289,2019-01-23,767.607,Verão
290,2019-01-24,467.164,Verão
291,2019-01-25,839.462,Verão
292,2019-01-26,752.099,Verão
293,2019-01-27,695.232,Verão
294,2019-01-30,926.467,Verão
295,2019-01-31,866.074,Verão
296,2019-02-01,939.815,Verão
297,2019-02-02,884.304,Verão
298,2019-02-03,948.472,Verão
299,2019-02-04,624.73,Verão
300,2019-02-05,564.453,Verão
301,2019-02-06,593.8829999999999,Verão
302,2019-02-07,896.875,Verão
303,2019-02-09,945.562,Verão
304,2019-02-10,889.804,Verão
305,2019-02-11,817.489,Verão
306,2019-02-13,668.793,Verão
307,2019-02-14,675.489,Verão
308,2019-02-15,461.447,Verão
309,2019-02-16,634.753,Verão
310,2019-02-17,886.175,Verão
311,2019-02-18,884.39,Verão
312,2019-02-19,708.077,Verão
313,2019-02-20,438.725,Verão
314,2019-02-21,482.57,Verão
315,2019-02-22,739.323,Verão
316,2019-02-23,702.317,Verão
317,2019-02-24,695.4490000000001,Verão
318,2019-02-25,595.008,Verão
319,2019-02-27,397.657,Verão
320,2019-02-28,356.601,Verão
321,2019-03-01,395.422,Verão
322,2019-03-02,519.163,Verão
323,2019-03-03,656.928,Verão
324,2019-03-04,591.25,Verão
325,2019-03-05,865.555,Verão
326,2019-03-06,944.061,Verão
327,2019-03-07,835.631,Verão
328,2019-03-08,745.343,Verão
329,2019-03-09,651.584,Verão
330,2019-03-10,825.913,Verão
331,2019-03-11,366.65999999999997,Verão
332,2019-03-12,504.932,Verão
333,2019-03-13,375.157,Verão
334,2019-03-14,452.624,Verão
335,2019-03-15,813.5699999999999,Verão
336,2019-03-16,711.374,Verão
337,2019-03-17,811.367,Verão
338,2019-03-18,791.754,Verão
339,2019-03-19,915.092,Verão
340,2019-03-20,800.582,Verão
341,2019-03-22,437.245,Outono
342,2019-03-23,618.2175,Outono
343,2019-03-24,565.693,Outono
344,2019-03-25,573.7945,Outono
345,2019-03-26,583.1904999999999,Outono
346,2019-03-27,534.6585,Outono
347,2019-03-28,586.507,Outono
348,2019-03-29,617.8605,Outono
349,2019-03-30,588.6525,Outono
350,2019-03-31,583.004,Outono
351,2019-04-01,538.398,Outono
352,2019-04-02,363.7415,Outono
353,2019-04-03,416.767,Outono
354,2019-04-04,351.13199999999995,Outono
355,2019-04-05,443.835,Outono
356,2019-04-06,419.274,Outono
357,2019-04-08,352.4695,Outono
358,2019-04-09,420.209,Outono
359,2019-04-10,549.986,Outono
360,2019-04-11,553.3625,Outono
361,2019-04-12,515.6205,Outono
362,2019-04-15,482.3305,Outono
363,2019-04-16,463.85650000000004,Outono
364,2019-04-17,551.613,Outono
365,2019-04-18,616.115,Outono
366,2019-04-19,627.9065,Outono
367,2019-04-20,594.3845,Outono
368,2019-04-21,553.301,Outono
369,2019-04-22,417.65500000000003,Outono
370,2019-04-23,403.4975,Outono
371,2019-04-24,469.808,Outono
372,2019-04-25,441.91150000000005,Outono
373,2019-04-26,445.346,Outono
374,2019-04-27,422.9135,Outono
375,2019-04-28,370.0695,Outono
376,2019-04-29,382.64349999999996,Outono
377,2019-04-30,482.8065,Outono
378,2019-05-02,374.7695,Outono
379,2019-05-03,414.82,Outono
380,2019-05-04,355.5875,Outono
381,2019-05-05,511.447,Outono
382,2019-05-06,504.15999999999997,Outono
383,2019-05-07,361.168,Outono
384,2019-05-08,523.381,Outono
385,2019-05-09,512.4845,Outono
386,2019-05-10,432.7565,Outono
387,2019-05-12,462.6925,Outono
388,2019-05-13,492.5165,Outono
389,2019-05-14,522.7584999999999,Outono
390,2019-05-15,373.0825,Outono
391,2019-05-16,616.564,Outono
392,2019-05-17,611.842,Outono
393,2019-05-18,604.726,Outono
394,2019-05-19,482.2505,Outono
395,2019-05-20,543.5375,Outono
396,2019-05-21,519.3905,Outono
397,2019-05-22,507.773,Outono
398,2019-05-23,434.168,Outono
399,2019-05-25,519.113,Outono
400,2019-05-26,539.243,Outono
401,2019-05-27,523.4780000000001,Outono
402,2019-05-28,491.87,Outono
403,2019-05-29,489.03599999999994,Outono
404,2019-05-30,477.27299999999997,Outono
405,2019-05-31,431.676,Outono
406,2019-06-01,477.0305,Outono
407,2019-06-02,416.69,Outono
408,2019-06-04,424.781,Outono
409,2019-06-05,598.074,Outono
410,2019-06-06,582.7265,Outono
411,2019-06-07,532.583,Outono
412,2019-06-08,471.7285,Outono
413,2019-06-09,540.158,Outono
414,2019-06-10,524.469,Outono
415,2019-06-11,478.563,Outono
416,2019-06-12,492.694,Outono
417,2019-06-13,494.8175,Outono
418,2019-06-14,530.6105,Outono
419,2019-06-15,559.7805000000001,Outono
420,2019-06-16,544.8745,Outono
421,2019-06-17,498.2745,Outono
422,2019-06-18,537.018,Outono
423,2019-06-19,505.2235,Outono
424,2019-06-20,523.9365,Outono
425,2019-06-21,532.5609999999999,Inverno
426,2019-06-22,532.906,Inverno
427,2019-06-23,550.458,Inverno
428,2019-06-24,558.615,Inverno
429,2019-06-25,509.865,Inverno
430,2019-06-26,422.4549999999999,Inverno
431,2019-06-28,531.758,Inverno
432,2019-06-29,581.7465,Inverno
433,2019-06-30,584.629,Inverno
434,2019-07-01,551.891,Inverno
435,2019-07-02,496.5005,Inverno
436,2019-07-03,455.751,Inverno
437,2019-07-06,691.9164999999999,Inverno
438,2019-07-07,683.2565,Inverno
439,2019-07-08,665.6645,Inverno
440,2019-07-09,636.9945,Inverno
441,2019-07-10,629.24,Inverno
442,2019-07-11,622.8835,Inverno
443,2019-07-12,615.1905,Inverno
444,2019-07-13,525.706,Inverno
445,2019-07-14,553.7365,Inverno
446,2019-07-15,490.5335,Inverno
447,2019-07-16,408.05800000000005,Inverno
448,2019-07-17,478.741,Inverno
449,2019-07-18,488.88149999999996,Inverno
450,2019-07-19,457.13849999999996,Inverno
451,2019-07-20,553.6175000000001,Inverno
452,2019-07-21,528.5595,Inverno
453,2019-07-22,414.18499999999995,Inverno
454,2019-07-23,601.892,Inverno
455,2019-07-24,595.2085,Inverno
456,2019-07-25,448.53650000000005,Inverno
457,2019-07-26,503.7665,Inverno
458,2019-07-27,569.2515000000001,Inverno
459,2019-07-28,604.6265,Inverno
460,2019-07-29,537.4355,Inverno
461,2019-07-30,509.931,Inverno
462,2019-07-31,660.7385,Inverno
463,2019-08-01,637.966,Inverno
464,2019-08-05,371.767,Inverno
465,2019-08-07,485.374,Inverno
466,2019-08-08,506.849,Inverno
467,2019-08-09,514.769,Inverno
468,2019-08-10,488.172,Inverno
469,2019-08-11,491.978,Inverno
470,2019-08-12,465.895,Inverno
471,2019-08-13,411.539,Inverno
472,2019-08-14,470.758,Inverno
473,2019-08-15,455.469,Inverno
474,2019-08-16,503.281,Inverno
475,2019-08-17,500.938,Inverno
476,2019-08-21,455.342,Inverno
477,2019-08-22,523.265,Inverno
478,2019-08-23,459.488,Inverno
479,2019-08-24,540.644,Inverno
480,2019-08-25,528.946,Inverno
481,2019-08-26,487.633,Inverno
482,2019-08-27,383.43399999999997,Inverno
483,2019-08-28,367.553,Inverno
484,2019-08-29,479.015,Inverno
485,2019-08-30,463.03000000000003,Inverno
486,2019-08-31,467.945,Inverno
487,2019-09-02,451.467,Inverno
488,2019-09-03,411.562,Inverno
489,2019-09-04,477.114,Inverno
490,2019-09-05,471.274,Inverno
491,2019-09-06,490.096,Inverno
492,2019-09-07,527.015,Inverno
493,2019-09-08,523.282,Inverno
494,2019-09-09,522.227,Inverno
495,2019-09-10,465.478,Inverno
496,2019-09-11,463.389,Inverno
497,2019-09-12,458.052,Inverno
498,2019-09-13,486.48,Inverno
499,2019-09-14,486.233,Inverno
500,2019-09-15,413.385,Inverno
501,2019-09-16,520.886,Inverno
502,2019-09-17,526.005,Inverno
503,2019-09-18,381.974,Inverno
504,2019-09-19,388.254,Inverno
505,2019-09-21,468.954,Primavera
506,2019-09-22,452.001,Primavera
507,2019-09-23,538.02,Primavera
508,2019-09-24,410.936,Primavera
509,2019-09-27,548.332,Primavera
510,2019-09-28,557.083,Primavera
511,2019-09-29,467.527,Primavera
512,2019-09-30,550.061,Primavera
513,2019-10-01,549.686,Primavera
514,2019-10-02,506.944,Primavera
515,2019-10-03,394.866,Primavera
516,2019-10-04,541.892,Primavera
517,2019-10-05,560.437,Primavera
518,2019-10-06,356.976,Primavera
519,2019-10-07,459.128,Primavera
520,2019-10-09,517.251,Primavera
521,2019-10-10,545.808,Primavera
522,2019-10-11,560.256,Primavera
523,2019-10-12,529.086,Primavera
524,2019-10-13,447.139,Primavera
525,2019-10-14,531.595,Primavera
526,2019-10-15,483.59,Primavera
527,2019-10-16,551.386,Primavera
528,2019-10-17,501.704,Primavera
529,2019-10-18,448.158,Primavera
530,2019-10-19,467.00600000000003,Primavera
531,2019-10-20,402.56,Primavera
532,2019-10-23,489.761,Primavera
533,2019-10-24,583.556,Primavera
534,2019-10-25,550.572,Primavera
535,2019-10-26,544.908,Primavera
536,2019-10-27,565.978,Primavera
537,2019-10-28,442.78,Primavera
538,2019-10-29,569.563,Primavera
539,2019-10-30,618.29,Primavera
540,2019-10-31,588.167,Primavera
541,2019-11-01,575.726,Primavera
542,2019-11-02,575.264,Primavera
543,2019-11-03,458.56,Primavera
544,2019-11-04,554.778,Primavera
545,2019-11-05,442.378,Primavera
546,2019-11-06,372.47,Primavera
547,2019-11-07,478.121,Primavera
548,2019-11-11,486.923,Primavera
549,2019-11-12,535.764,Primavera
550,2019-11-13,460.344,Primavera
551,2019-11-14,390.76,Primavera
552,2019-11-16,646.129,Primavera
553,2019-11-17,627.302,Primavera
554,2019-11-18,604.566,Primavera
555,2019-11-19,565.738,Primavera
556,2019-11-20,566.917,Primavera
557,2019-11-21,453.40700000000004,Primavera
558,2019-11-22,600.254,Primavera
559,2019-11-23,525.1080000000001,Primavera
560,2019-11-25,624.233,Primavera
561,2019-11-26,438.035,Primavera
562,2019-11-28,372.892,Primavera
563,2019-11-29,564.8439999999999,Primavera
564,2019-11-30,415.466,Primavera
565,2019-12-01,505.677,Primavera
566,2019-12-02,611.972,Primavera
567,2019-12-03,627.951,Primavera
568,2019-12-04,648.921,Primavera
569,2019-12-05,507.498,Primavera
570,2019-12-06,510.724,Primavera
571,2019-12-07,763.157,Primavera
572,2019-12-08,792.564,Primavera
573,2019-12-09,604.9739999999999,Primavera
574,2019-12-10,540.061,Primavera
575,2019-12-11,359.956,Primavera
576,2019-12-12,545.859,Primavera
577,2019-12-13,627.077,Primavera
578,2019-12-14,501.841,Primavera
579,2019-12-15,615.63,Primavera
580,2019-12-16,593.856,Primavera
581,2019-12-17,532.874,Primavera
582,2019-12-18,459.662,Primavera
583,2019-12-19,357.282,Primavera
584,2019-12-20,647.295,Primavera
585,2019-12-21,392.573,Verão
586,2019-12-22,353.273,Verão
587,2019-12-23,455.749,Verão
588,2019-12-24,638.13,Verão
589,2019-12-25,672.092,Verão
590,2019-12-26,730.643,Verão
591,2019-12-27,821.91,Verão
592,2019-12-28,779.069,Verão
593,2019-12-29,694.672,Verão
594,2019-12-30,674.855,Verão
595,2019-12-31,696.583,Verão
596,2020-01-01,601.819,Verão
597,2020-01-02,569.995,Verão
598,2020-01-04,568.541,Verão
599,2020-01-05,492.003,Verão
600,2020-01-06,634.232,Verão
601,2020-01-07,415.52500000000003,Verão
602,2020-01-08,380.145,Verão
603,2020-01-09,483.368,Verão
604,2020-01-10,519.249,Verão
605,2020-01-11,507.942,Verão
606,2020-01-12,396.693,Verão
607,2020-01-13,467.008,Verão
608,2020-01-14,646.183,Verão
609,2020-01-15,704.721,Verão
610,2020-01-16,607.121,Verão
611,2020-01-17,579.399,Verão
612,2020-01-18,632.776,Verão
613,2020-01-19,668.612,Verão
614,2020-01-20,605.463,Verão
615,2020-01-21,641.398,Verão
616,2020-01-22,517.7090000000001,Verão
617,2020-01-24,511.083,Verão
618,2020-01-25,710.0360000000001,Verão
619,2020-01-26,724.1899999999999,Verão
620,2020-01-27,675.907,Verão
621,2020-01-28,701.842,Verão
622,2020-01-29,487.167,Verão
623,2020-01-30,427.333,Verão
624,2020-01-31,482.17,Verão
625,2020-02-02,396.174,Verão
626,2020-02-03,412.49,Verão
627,2020-02-04,403.415,Verão
628,2020-02-05,469.52500000000003,Verão
629,2020-02-07,453.861,Verão
630,2020-02-08,493.415,Verão
631,2020-02-09,476.022,Verão
632,2020-02-12,539.999,Verão
633,2020-02-13,679.2769999999999,Verão
634,2020-02-14,808.316,Verão
635,2020-02-15,723.08,Verão
636,2020-02-16,730.1959999999999,Verão
637,2020-02-17,698.616,Verão
638,2020-02-18,796.3629999999999,Verão
639,2020-02-19,608.918,Verão
640,2020-02-20,569.608,Verão
641,2020-02-21,400.305,Verão
642,2020-02-22,477.058,Verão
643,2020-02-23,363.665,Verão
644,2020-02-24,384.293,Verão
645,2020-02-25,455.788,Verão
646,2020-02-27,617.711,Verão
647,2020-02-28,630.864,Verão
648,2020-02-29,585.169,Verão
649,2020-03-01,543.255,Verão
650,2020-03-02,598.206,Verão
651,2020-03-03,734.485,Verão
652,2020-03-04,897.149,Verão
653,2020-03-05,825.063,Verão
654,2020-03-06,943.6039999999999,Verão
655,2020-03-08,852.307,Verão
656,2020-03-09,875.766,Verão
657,2020-03-10,869.602,Verão
658,2020-03-11,820.3,Verão
659,2020-03-12,856.023,Verão
660,2020-03-14,639.14,Verão
661,2020-03-15,645.509,Verão
662,2020-03-16,744.64,Verão
663,2020-03-17,886.335,Verão
664,2020-03-18,618.7520000000001,Verão
665,2020-03-19,420.437,Verão
666,2020-03-20,508.34,Verão
667,2020-03-21,563.364,Outono
668,2020-03-22,691.148,Outono
669,2020-03-23,773.653,Outono
670,2020-03-24,885.105,Outono
671,2020-03-25,801.518,Outono
672,2020-03-26,756.417,Outono
673,2020-03-27,780.495,Outono
674,2020-03-28,537.698,Outono
675,2020-03-30,655.013,Outono
676,2020-03-31,761.1120000000001,Outono
677,2020-04-01,833.516,Outono
678,2020-04-02,753.74,Outono
679,2020-04-03,622.6,Outono
680,2020-04-04,894.022,Outono
681,2020-04-05,910.972,Outono
682,2020-04-06,885.3820000000001,Outono
683,2020-04-07,421.647,Outono
684,2020-04-08,725.66,Outono
685,2020-04-09,940.134,Outono
686,2020-04-10,929.576,Outono
687,2020-04-11,765.926,Outono
688,2020-04-12,780.9110000000001,Outono
689,2020-04-13,865.192,Outono
690,2020-04-15,541.863,Outono
691,2020-04-16,751.0,Outono
692,2020-04-17,580.144,Outono
693,2020-04-18,795.404,Outono
694,2020-04-19,784.095,Outono
695,2020-04-20,720.819,Outono
696,2020-04-21,768.99,Outono
697,2020-04-22,899.64,Outono
698,2020-04-23,893.534,Outono
699,2020-04-24,817.6419999999999,Outono
700,2020-04-25,854.596,Outono
701,2020-04-26,846.979,Outono
702,2020-04-27,851.398,Outono
703,2020-04-28,847.525,Outono
704,2020-04-29,863.395,Outono
705,2020-04-30,824.587,Outono
706,2020-05-01,818.25,Outono
707,2020-05-02,785.635,Outono
708,2020-05-03,814.27,Outono
709,2020-05-04,819.355,Outono
710,2020-05-05,652.913,Outono
711,2020-05-07,515.843,Outono
712,2020-05-08,915.192,Outono
713,2020-05-09,875.909,Outono
714,2020-05-10,871.447,Outono
715,2020-05-11,803.075,Outono
716,2020-05-12,597.054,Outono
717,2020-05-16,726.529,Outono
718,2020-05-17,874.066,Outono
719,2020-05-18,830.276,Outono
720,2020-05-19,830.363,Outono
721,2020-05-20,618.165,Outono
722,2020-05-21,806.932,Outono
723,2020-05-22,610.285,Outono
724,2020-05-25,760.904,Outono
725,2020-05-26,882.403,Outono
726,2020-05-27,856.958,Outono
727,2020-05-28,877.794,Outono
728,2020-05-29,822.384,Outono
729,2020-05-30,833.039,Outono
730,2020-05-31,803.232,Outono
731,2020-06-01,773.9,Outono
732,2020-06-05,461.535,Outono
733,2020-06-07,563.6460000000001,Outono
734,2020-06-08,683.51,Outono
735,2020-06-10,654.827,Outono
736,2020-06-11,735.249,Outono
737,2020-06-12,725.557,Outono
738,2020-06-13,742.58,Outono
739,2020-06-14,759.498,Outono
740,2020-06-15,744.638,Outono
741,2020-06-16,742.1460000000001,Outono
742,2020-06-17,700.547,Outono
743,2020-06-18,647.885,Outono
744,2020-06-19,622.081,Outono
745,2020-06-20,743.759,Outono
746,2020-06-21,689.141,Inverno
747,2020-06-22,683.869,Inverno
748,2020-06-23,568.485,Inverno
749,2020-06-24,661.766,Inverno
750,2020-06-25,673.734,Inverno
751,2020-06-29,642.225,Inverno
752,2020-06-30,702.273,Inverno
753,2020-07-01,430.422,Inverno
754,2020-07-02,765.347,Inverno
755,2020-07-03,828.202,Inverno
756,2020-07-04,806.717,Inverno
757,2020-07-05,514.902,Inverno
758,2020-07-06,618.524,Inverno
759,2020-07-07,775.311,Inverno
760,2020-07-08,675.994,Inverno
761,2020-07-09,578.001,Inverno
762,2020-07-10,795.168,Inverno
763,2020-07-11,710.857,Inverno
764,2020-07-12,685.671,Inverno
765,2020-07-13,697.318,Inverno
766,2020-07-14,591.725,Inverno
767,2020-07-15,804.068,Inverno
768,2020-07-16,780.442,Inverno
769,2020-07-17,764.898,Inverno
770,2020-07-18,716.082,Inverno
771,2020-07-19,821.851,Inverno
772,2020-07-20,824.386,Inverno
773,2020-07-21,816.709,Inverno
774,2020-07-22,797.096,Inverno
775,2020-07-23,795.686,Inverno
776,2020-07-24,828.044,Inverno
777,2020-07-25,801.101,Inverno
778,2020-07-26,794.535,Inverno
779,2020-07-27,789.581,Inverno
780,2020-07-28,694.222,Inverno
781,2020-07-29,763.186,Inverno
782,2020-07-30,788.731,Inverno
783,2020-07-31,717.035,Inverno
784,2020-08-01,821.865,Inverno
785,2020-08-02,841.264,Inverno
786,2020-08-03,841.708,Inverno
787,2020-08-04,848.721,Inverno
788,2020-08-05,852.4209999999999,Inverno
789,2020-08-06,857.017,Inverno
790,2020-08-07,855.042,Inverno
791,2020-08-08,736.5310000000001,Inverno
792,2020-08-09,692.77,Inverno
793,2020-08-10,828.992,Inverno
794,2020-08-11,605.679,Inverno
795,2020-08-12,763.273,Inverno
796,2020-08-13,655.66,Inverno
797,2020-08-14,658.759,Inverno
798,2020-08-15,633.109,Inverno
799,2020-08-18,590.658,Inverno
800,2020-08-19,568.368,Inverno
801,2020-08-22,650.795,Inverno
802,2020-08-24,927.734,Inverno
803,2020-08-28,920.389,Inverno
804,2020-08-29,906.884,Inverno
805,2020-08-30,863.769,Inverno
806,2020-08-31,869.618,Inverno
807,2020-09-01,885.025,Inverno
808,2020-09-02,885.341,Inverno
809,2020-09-03,887.244,Inverno
810,2020-09-04,874.3829999999999,Inverno
811,2020-09-05,823.751,Inverno
812,2020-09-06,898.33,Inverno
813,2020-09-07,859.953,Inverno
814,2020-09-08,864.259,Inverno
815,2020-09-09,873.577,Inverno
816,2020-09-10,826.288,Inverno
817,2020-09-11,829.009,Inverno
818,2020-09-12,832.9979999999999,Inverno
819,2020-09-13,839.318,Inverno
820,2020-09-14,722.362,Inverno
821,2020-09-15,853.358,Inverno
822,2020-09-16,887.2139999999999,Inverno
823,2020-09-17,776.577,Inverno
824,2020-09-18,596.548,Inverno
825,2020-09-19,442.693,Inverno
826,2020-09-21,397.72700000000003,Primavera
827,2020-09-22,604.182,Primavera
828,2020-09-23,786.713,Primavera
829,2020-09-27,802.327,Primavera
830,2020-09-28,888.494,Primavera
831,2020-09-29,863.813,Primavera
832,2020-09-30,851.097,Primavera
833,2020-10-01,833.588,Primavera
834,2020-10-02,829.396,Primavera
835,2020-10-03,802.182,Primavera
836,2020-10-04,907.949,Primavera
837,2020-10-05,860.602,Primavera
838,2020-10-06,837.09,Primavera
839,2020-10-07,764.525,Primavera
840,2020-10-08,499.378,Primavera
841,2020-10-09,698.573,Primavera
842,2020-10-10,538.272,Primavera
843,2020-10-11,766.454,Primavera
844,2020-10-12,815.503,Primavera
845,2020-10-13,807.25,Primavera
846,2020-10-14,729.495,Primavera
847,2020-10-15,482.961,Primavera
848,2020-10-16,515.305,Primavera
849,2020-10-17,873.879,Primavera
850,2020-10-18,764.31,Primavera
851,2020-10-20,439.214,Primavera
852,2020-10-21,601.907,Primavera
853,2020-10-22,792.389,Primavera
854,2020-10-23,749.376,Primavera
855,2020-10-24,435.645,Primavera
856,2020-10-25,808.406,Primavera
857,2020-10-26,637.847,Primavera
858,2020-10-27,736.834,Primavera
859,2020-10-29,579.975,Primavera
860,2020-10-30,427.089,Primavera
861,2020-10-31,667.487,Primavera
862,2020-11-01,894.2570000000001,Primavera
863,2020-11-05,918.951,Primavera
864,2020-11-06,755.094,Primavera
865,2020-11-08,937.424,Primavera
866,2020-11-09,490.17699999999996,Primavera
867,2020-11-10,602.669,Primavera
868,2020-11-11,652.796,Primavera
869,2020-11-12,855.649,Primavera
870,2020-11-13,726.509,Primavera
871,2020-11-14,885.01,Primavera
872,2020-11-15,741.111,Primavera
873,2020-11-16,947.837,Primavera
874,2020-11-17,772.012,Primavera
875,2020-11-18,452.363,Primavera
876,2020-11-19,478.94,Primavera
877,2020-11-20,738.372,Primavera
878,2020-11-21,814.076,Primavera
879,2020-11-22,869.889,Primavera
880,2020-11-23,866.836,Primavera
881,2020-11-24,792.246,Primavera
882,2020-11-25,836.813,Primavera
883,2020-11-26,739.83,Primavera
884,2020-11-27,758.997,Primavera
885,2020-11-28,617.099,Primavera
886,2020-11-29,859.1610000000001,Primavera
887,2020-11-30,785.421,Primavera
888,2020-12-01,602.223,Primavera
889,2020-12-02,664.697,Primavera
890,2020-12-03,369.07099999999997,Primavera
891,2020-12-04,819.634,Primavera
892,2020-12-05,653.572,Primavera
893,2020-12-06,555.566,Primavera
894,2020-12-07,424.024,Primavera
895,2020-12-08,711.722,Primavera
896,2020-12-09,861.121,Primavera
897,2020-12-10,724.501,Primavera
898,2020-12-11,418.06399999999996,Primavera
899,2020-12-12,387.326,Primavera
900,2020-12-13,679.681,Primavera
901,2020-12-14,579.542,Primavera
902,2020-12-15,778.319,Primavera
903,2020-12-16,825.9300000000001,Primavera
904,2020-12-17,727.708,Primavera
905,2020-12-18,867.043,Primavera
906,2020-12-19,598.333,Primavera
907,2020-12-20,609.178,Primavera
908,2020-12-21,436.443,Verão
909,2020-12-22,583.581,Verão
910,2020-12-23,673.426,Verão
911,2020-12-24,742.861,Verão
912,2020-12-25,741.409,Verão
913,2020-12-26,680.026,Verão
914,2020-12-27,520.199,Verão
915,2020-12-28,653.495,Verão
916,2020-12-29,676.67,Verão
917,2020-12-30,660.416,Verão
918,2020-12-31,507.586,Verão
919,2021-01-01,630.479,Verão
920,2021-01-02,547.187,Verão
921,2021-01-03,926.21,Verão
922,2021-01-04,759.25,Verão
923,2021-01-05,684.823,Verão
924,2021-01-06,653.0550000000001,Verão
925,2021-01-07,530.178,Verão
926,2021-01-08,620.371,Verão
927,2021-01-09,823.103,Verão
928,2021-01-10,665.553,Verão
929,2021-01-11,628.056,Verão
930,2021-01-12,568.7470000000001,Verão
931,2021-01-13,411.156,Verão
932,2021-01-14,453.681,Verão
933,2021-01-15,562.551,Verão
934,2021-01-16,501.308,Verão
935,2021-01-17,411.301,Verão
936,2021-01-18,555.714,Verão
937,2021-01-19,603.273,Verão
938,2021-01-20,539.696,Verão
939,2021-01-21,733.23,Verão
940,2021-01-22,532.039,Verão
941,2021-01-23,855.31,Verão
942,2021-01-24,539.353,Verão
943,2021-01-25,402.016,Verão
944,2021-01-26,695.6560000000001,Verão
945,2021-01-27,612.438,Verão
946,2021-01-28,605.375,Verão
947,2021-01-29,555.768,Verão
948,2021-01-30,409.86,Verão
949,2021-01-31,580.566,Verão
950,2021-02-01,697.939,Verão
951,2021-02-02,786.018,Verão
952,2021-02-03,696.621,Verão
953,2021-02-04,627.035,Verão
954,2021-02-05,654.985,Verão
955,2021-02-06,833.363,Verão
956,2021-02-07,946.527,Verão
957,2021-02-09,898.9200000000001,Verão
958,2021-02-10,892.094,Verão
959,2021-02-11,419.5,Verão
960,2021-02-12,455.521,Verão
961,2021-02-13,593.586,Verão
962,2021-02-14,474.97,Verão
963,2021-02-15,522.635,Verão
964,2021-02-16,815.225,Verão
965,2021-02-17,539.562,Verão
966,2021-02-18,852.067,Verão
967,2021-02-21,924.692,Verão
968,2021-02-22,889.1129999999999,Verão
969,2021-02-23,613.349,Verão
970,2021-02-24,587.943,Verão
971,2021-02-25,783.989,Verão
972,2021-02-26,560.746,Verão
973,2021-02-27,780.033,Verão
974,2021-02-28,367.622,Verão
975,2021-03-01,617.241,Verão
976,2021-03-02,471.88800000000003,Verão
977,2021-03-06,373.3895,Verão
978,2021-03-07,482.531,Verão
979,2021-03-08,587.185,Verão
980,2021-03-09,685.352,Verão
981,2021-03-10,719.6215,Verão
982,2021-03-11,712.8395,Verão
983,2021-03-12,792.9545,Verão
984,2021-03-13,914.2420000000001,Verão
985,2021-03-14,905.3439999999999,Verão
986,2021-03-15,837.501,Verão
987,2021-03-16,819.782,Verão
988,2021-03-17,700.891,Verão
989,2021-03-18,400.366,Verão
990,2021-03-19,900.259,Verão
991,2021-03-20,837.13,Verão
992,2021-03-21,802.468,Outono
993,2021-03-22,936.158,Outono
994,2021-03-23,777.817,Outono
995,2021-03-24,807.408,Outono
996,2021-03-25,650.9670000000001,Outono
997,2021-03-26,637.9175,Outono
998,2021-03-27,619.3195000000001,Outono
999,2021-03-28,663.37,Outono
1000,2021-03-29,711.239,Outono
1001,2021-03-30,708.8695,Outono
1002,2021-03-31,675.1605,Outono
1003,2021-04-01,660.523,Outono
1004,2021-04-02,756.529,Outono
1005,2021-04-03,727.748,Outono
1006,2021-04-04,703.7525,Outono
1007,2021-04-05,725.0355,Outono
1008,2021-04-06,606.7729999999999,Outono
1009,2021-04-07,510.04600000000005,Outono
1010,2021-04-08,712.3585,Outono
1011,2021-04-09,753.4325,Outono
1012,2021-04-10,730.5070000000001,Outono
1013,2021-04-11,737.289,Outono
1014,2021-04-12,620.073,Outono
1015,2021-04-13,567.6045,Outono
1016,2021-04-14,656.9865,Outono
1017,2021-04-15,592.928,Outono
1018,2021-04-16,526.9565,Outono
1019,2021-04-17,511.9945,Outono
1020,2021-04-18,467.93499999999995,Outono
1021,2021-04-19,679.0095,Outono
1022,2021-04-20,740.45,Outono
1023,2021-04-21,759.1945000000001,Outono
1024,2021-04-22,736.4155000000001,Outono
1025,2021-04-23,714.8455,Outono
1026,2021-04-24,705.8,Outono
1027,2021-04-25,513.1225,Outono
1028,2021-04-26,571.5095,Outono
1029,2021-04-27,725.264,Outono
1030,2021-04-28,904.263,Outono
1031,2021-04-29,824.927,Outono
1032,2021-04-30,739.424,Outono
1033,2021-05-01,704.586,Outono
1034,2021-05-02,857.764,Outono
1035,2021-05-03,870.855,Outono
1036,2021-05-04,860.572,Outono
1037,2021-05-05,790.602,Outono
1038,2021-05-06,654.6859999999999,Outono
1039,2021-05-07,413.3945,Outono
1040,2021-05-08,656.653,Outono
1041,2021-05-09,644.2425000000001,Outono
1042,2021-05-10,568.536,Outono
1043,2021-05-11,598.5125,Outono
1044,2021-05-12,434.341,Outono
1045,2021-05-13,511.286,Outono
1046,2021-05-14,472.70950000000005,Outono
1047,2021-05-15,491.2335,Outono
1048,2021-05-16,573.433,Outono
1049,2021-05-17,508.697,Outono
1050,2021-05-18,586.7665000000001,Outono
1051,2021-05-19,626.9965,Outono
1052,2021-05-20,587.145,Outono
1053,2021-05-21,550.25,Outono
1054,2021-05-24,753.67,Outono
1055,2021-05-25,579.071,Outono
1056,2021-05-26,545.0905,Outono
1057,2021-05-27,564.2825,Outono
1058,2021-05-28,640.152,Outono
1059,2021-05-29,682.763,Outono
1060,2021-05-30,605.575,Outono
1061,2021-05-31,365.08299999999997,Outono
1062,2021-06-01,589.553,Outono
1063,2021-06-02,770.934,Outono
1064,2021-06-03,733.594,Outono
1065,2021-06-04,735.954,Outono
1066,2021-06-05,710.957,Outono
1067,2021-06-06,698.718,Outono
1068,2021-06-07,378.461,Outono
1069,2021-06-09,440.24,Outono
1070,2021-06-12,588.903,Outono
1071,2021-06-13,813.385,Outono
1072,2021-06-14,754.186,Outono
1073,2021-06-15,769.205,Outono
1074,2021-06-16,793.039,Outono
1075,2021-06-17,746.351,Outono
1076,2021-06-19,596.534,Outono
1077,2021-06-20,614.375,Outono
1078,2021-06-21,657.891,Inverno
1079,2021-06-22,558.662,Inverno
1080,2021-06-23,777.397,Inverno
1081,2021-06-24,735.681,Inverno
1082,2021-06-25,666.9639999999999,Inverno
1083,2021-06-26,681.278,Inverno
1084,2021-06-27,738.591,Inverno
1085,2021-06-28,568.829,Inverno
1086,2021-06-29,593.468,Inverno
1087,2021-06-30,732.111,Inverno
1088,2021-07-01,756.172,Inverno
1089,2021-07-02,688.393,Inverno
1090,2021-07-03,671.099,Inverno
1091,2021-07-04,676.209,Inverno
1092,2021-07-05,735.264,Inverno
1093,2021-07-06,694.124,Inverno
1094,2021-07-07,770.717,Inverno
1095,2021-07-08,763.358,Inverno
1096,2021-07-09,588.9065,Inverno
1097,2021-07-10,412.11800000000005,Inverno
1098,2021-07-11,529.374,Inverno
1099,2021-07-12,582.0125,Inverno
1100,2021-07-13,597.6685,Inverno
1101,2021-07-14,569.6514999999999,Inverno
1102,2021-07-15,568.9955,Inverno
1103,2021-07-16,419.9915,Inverno
1104,2021-07-17,443.40250000000003,Inverno
1105,2021-07-18,421.6515,Inverno
1106,2021-07-19,700.569,Inverno
1107,2021-07-20,640.5955,Inverno
1108,2021-07-21,625.045,Inverno
1109,2021-07-22,635.348,Inverno
1110,2021-07-23,636.696,Inverno
1111,2021-07-24,644.4515,Inverno
1112,2021-07-25,644.4024999999999,Inverno
1113,2021-07-26,633.2044999999999,Inverno
1114,2021-07-27,538.26,Inverno
1115,2021-07-29,736.1715,Inverno
1116,2021-07-30,670.5070000000001,Inverno
1117,2021-07-31,662.3045,Inverno
1118,2021-08-01,378.46799999999996,Inverno
1119,2021-08-02,614.754,Inverno
1120,2021-08-03,704.352,Inverno
1121,2021-08-04,614.7825,Inverno
1122,2021-08-05,407.315,Inverno
1123,2021-08-06,526.052,Inverno
1124,2021-08-07,618.568,Inverno
1125,2021-08-08,730.675,Inverno
1126,2021-08-09,741.236,Inverno
1127,2021-08-10,652.678,Inverno
1128,2021-08-11,691.399,Inverno
1129,2021-08-12,698.383,Inverno
1130,2021-08-13,475.62,Inverno
1131,2021-08-14,455.242,Inverno
1132,2021-08-15,464.20799999999997,Inverno
1133,2021-08-16,631.195,Inverno
1134,2021-08-17,730.207,Inverno
1135,2021-08-18,778.818,Inverno
1136,2021-08-19,764.4399999999999,Inverno
1137,2021-08-20,823.068,Inverno
1138,2021-08-21,807.479,Inverno
1139,2021-08-22,851.718,Inverno
1140,2021-08-23,746.7090000000001,Inverno
1141,2021-08-24,440.496,Inverno
1142,2021-08-25,539.832,Inverno
1143,2021-08-26,510.512,Inverno
1144,2021-08-27,453.56,Inverno
1145,2021-08-30,871.777,Inverno
1146,2021-09-02,876.068,Inverno
1147,2021-09-03,907.835,Inverno
1148,2021-09-04,886.624,Inverno
1149,2021-09-05,628.126,Inverno
1150,2021-09-06,801.65,Inverno
1151,2021-09-07,801.554,Inverno
1152,2021-09-08,631.302,Inverno
1153,2021-09-09,351.48900000000003,Inverno
1154,2021-09-10,659.533,Inverno
1155,2021-09-12,841.25,Inverno
1156,2021-09-13,738.201,Inverno
1157,2021-09-14,368.375,Inverno
1158,2021-09-15,527.169,Inverno
1159,2021-09-16,440.697,Inverno
1160,2021-09-17,725.213,Inverno
1161,2021-09-18,813.701,Inverno
1162,2021-09-19,806.356,Inverno
1163,2021-09-20,783.805,Inverno
1164,2021-09-21,697.0169999999999,Primavera
1165,2021-09-22,871.171,Primavera
1166,2021-09-23,901.1370000000001,Primavera
1167,2021-09-24,854.194,Primavera
1168,2021-09-25,762.12,Primavera
1169,2021-09-26,501.66700000000003,Primavera
1170,2021-09-27,908.029,Primavera
1171,2021-09-28,941.847,Primavera
1172,2021-09-29,752.486,Primavera
1173,2021-09-30,934.689,Primavera
1174,2021-10-01,393.82349999999997,Primavera
1175,2021-10-03,526.7280000000001,Primavera
1176,2021-10-04,403.6065,Primavera
1177,2021-10-05,660.065,Primavera
1178,2021-10-06,746.7719999999999,Primavera
1179,2021-10-08,791.3534999999999,Primavera
1180,2021-10-11,570.0195,Primavera
1181,2021-10-12,776.4594999999999,Primavera
1182,2021-10-13,725.1055,Primavera
1183,2021-10-15,531.7345,Primavera
1184,2021-10-17,554.9685,Primavera
1185,2021-10-18,370.1755,Primavera
1186,2021-10-19,404.139,Primavera
1187,2021-10-20,653.5015000000001,Primavera
1188,2021-10-21,697.7105,Primavera
1189,2021-10-22,698.081,Primavera
1190,2021-10-23,745.223,Primavera
1191,2021-10-25,559.3544999999999,Primavera
1192,2021-10-26,648.7925,Primavera
1193,2021-10-27,512.759,Primavera
1194,2021-10-28,714.0930000000001,Primavera
1195,2021-10-29,807.3095,Primavera
1196,2021-10-30,710.1044999999999,Primavera
1197,2021-11-01,741.455,Primavera
1198,2021-11-05,867.716,Primavera
1199,2021-11-06,727.071,Primavera
1200,2021-11-07,942.048,Primavera
1201,2021-11-10,909.519,Primavera
1202,2021-11-11,433.318,Primavera
1203,2021-11-12,725.6709999999999,Primavera
1204,2021-11-16,887.976,Primavera
1205,2021-11-17,603.5535,Primavera
1206,2021-11-19,497.7765,Primavera
1207,2021-11-20,705.491,Primavera
1208,2021-11-21,931.971,Primavera
1209,2021-11-25,815.0840000000001,Primavera
1210,2021-11-26,658.2239999999999,Primavera
1211,2021-11-28,846.096,Primavera
1212,2021-11-29,585.557,Primavera
1213,2021-11-30,421.915,Primavera
1214,2021-12-01,872.871,Primavera
1215,2021-12-02,795.989,Primavera
1216,2021-12-05,876.886,Primavera
1217,2021-12-06,881.293,Primavera
1218,2021-12-07,913.305,Primavera
1219,2021-12-12,731.816,Primavera
1220,2021-12-13,614.278,Primavera
1221,2021-12-14,415.786,Primavera
1222,2021-12-16,351.842,Primavera
1223,2021-12-17,662.486,Primavera
1224,2021-12-18,615.44,Primavera
1225,2021-12-20,858.785,Primavera
1226,2021-12-21,920.318,Verão
1227,2021-12-23,799.832,Verão
1228,2021-12-28,874.412,Verão
1229,2021-12-30,518.731,Verão
1230,2021-12-31,757.771,Verão
1231,2022-01-01,660.154,Verão
1232,2022-01-02,711.331,Verão
1233,2022-01-03,826.632,Verão
1234,2022-01-04,508.35749999999996,Verão
1235,2022-01-05,657.85,Verão
1236,2022-01-06,720.505,Verão
1237,2022-01-07,627.955,Verão
1238,2022-01-08,828.923,Verão
1239,2022-01-09,812.06,Verão
1240,2022-01-10,666.112,Verão
1241,2022-01-11,768.268,Verão
1242,2022-01-12,721.696,Verão
1243,2022-01-13,733.652,Verão
1244,2022-01-14,901.901,Verão
1245,2022-01-15,793.787,Verão
1246,2022-01-16,427.098,Verão
1247,2022-01-17,674.44,Verão
1248,2022-01-18,661.48,Verão
1249,2022-01-19,829.805,Verão
1250,2022-01-21,897.9250000000001,Verão
1251,2022-01-23,872.853,Verão
1252,2022-01-25,852.595,Verão
1253,2022-01-27,818.423,Verão
1254,2022-01-28,564.695,Verão
1255,2022-01-29,430.507,Verão
1256,2022-01-31,605.88,Verão
1257,2022-02-01,409.775,Verão
1258,2022-02-02,457.213,Verão
1259,2022-02-03,789.369,Verão
1260,2022-02-04,895.9399999999999,Verão
1261,2022-02-05,843.656,Verão
1262,2022-02-06,565.78,Verão
1263,2022-02-07,568.377,Verão
1264,2022-02-15,842.2139999999999,Verão
1265,2022-02-16,948.052,Verão
1266,2022-02-18,497.52,Verão
1267,2022-02-19,925.775,Verão
1268,2022-02-20,889.135,Verão
1269,2022-02-21,935.309,Verão
1270,2022-02-22,888.595,Verão
1271,2022-02-23,886.751,Verão
1272,2022-02-24,816.997,Verão
1273,2022-02-25,893.15,Verão
1274,2022-02-26,845.293,Verão
1275,2022-03-01,579.428,Verão
1276,2022-03-02,560.051,Verão
1277,2022-03-03,493.893,Verão
1278,2022-03-04,691.1899999999999,Verão
1279,2022-03-05,881.123,Verão
1280,2022-03-07,809.075,Verão
1281,2022-03-08,613.684,Verão
1282,2022-03-09,397.275,Verão
1283,2022-03-10,809.258,Verão
1284,2022-03-11,761.14,Verão
1285,2022-03-12,694.683,Verão
1286,2022-03-13,568.1519999999999,Verão
1287,2022-03-14,619.446,Verão
1288,2022-03-15,617.947,Verão
1289,2022-03-16,516.529,Verão
1290,2022-03-17,895.795,Verão
1291,2022-03-18,765.812,Verão
1292,2022-03-19,456.839,Verão
1293,2022-03-20,550.311,Verão
1294,2022-03-21,880.34,Outono
1295,2022-03-24,791.2950000000001,Outono
1296,2022-03-25,493.763,Outono
1297,2022-03-26,690.552,Outono
1298,2022-03-27,445.405,Outono
1299,2022-03-28,795.572,Outono
1300,2022-03-30,778.002,Outono
1301,2022-03-31,458.048,Outono
1302,2022-04-01,416.147,Outono
1303,2022-04-02,843.539,Outono
1304,2022-04-03,935.777,Outono
1305,2022-04-04,788.131,Outono
1306,2022-04-05,844.908,Outono
1307,2022-04-06,941.414,Outono
1308,2022-04-07,920.217,Outono
1309,2022-04-08,695.694,Outono
1310,2022-04-09,656.434,Outono
1311,2022-04-10,870.852,Outono
1312,2022-04-11,790.0989999999999,Outono
1313,2022-04-12,649.788,Outono
1314,2022-04-14,625.212,Outono
1315,2022-04-18,658.373,Outono
1316,2022-04-19,547.114,Outono
1317,2022-04-20,532.237,Outono
1318,2022-04-21,544.078,Outono
1319,2022-04-22,892.8720000000001,Outono
1320,2022-04-23,389.562,Outono
1321,2022-04-24,922.032,Outono
1322,2022-04-25,845.586,Outono
1323,2022-04-26,784.122,Outono
1324,2022-04-27,808.761,Outono
1325,2022-04-28,836.829,Outono
1326,2022-04-29,880.8050000000001,Outono
1327,2022-04-30,478.72,Outono
1328,2022-05-01,443.409,Outono
1329,2022-05-02,834.925,Outono
1330,2022-05-03,855.402,Outono
1331,2022-05-04,487.868,Outono
1332,2022-05-05,471.872,Outono
1333,2022-05-06,862.907,Outono
1334,2022-05-07,909.067,Outono
1335,2022-05-08,860.544,Outono
1336,2022-05-09,687.463,Outono
1337,2022-05-10,683.604,Outono
1338,2022-05-11,369.449,Outono
1339,2022-05-12,613.818,Outono
1340,2022-05-13,804.701,Outono
1341,2022-05-14,732.918,Outono
1342,2022-05-16,636.958,Outono
1343,2022-05-17,882.309,Outono
1344,2022-05-19,802.33,Outono
1345,2022-05-20,652.1465000000001,Outono
1346,2022-05-21,616.1495,Outono
1347,2022-05-22,589.396,Outono
1348,2022-05-23,631.7915,Outono
1349,2022-05-24,610.044,Outono
1350,2022-05-25,630.931,Outono
1351,2022-05-26,435.682,Outono
1352,2022-05-27,704.453,Outono
1353,2022-05-28,795.647,Outono
1354,2022-05-29,765.747,Outono
1355,2022-05-30,513.415,Outono
1356,2022-06-01,487.886,Outono
1357,2022-06-02,638.928,Outono
1358,2022-06-03,369.763,Outono
1359,2022-06-04,834.147,Outono
1360,2022-06-05,800.525,Outono
1361,2022-06-06,735.522,Outono
1362,2022-06-07,681.826,Outono
1363,2022-06-08,369.402,Outono
1364,2022-06-12,523.28,Outono
1365,2022-06-13,662.975,Outono
1366,2022-06-14,514.364,Outono
1367,2022-06-15,425.26,Outono
1368,2022-06-16,606.2465,Outono
1369,2022-06-17,548.639,Outono
1370,2022-06-19,403.38800000000003,Outono
1371,2022-06-20,435.0155,Outono
1372,2022-06-21,597.374,Inverno
1373,2022-06-22,593.731,Inverno
1374,2022-06-23,609.3620000000001,Inverno
1375,2022-06-24,607.6895,Inverno
1376,2022-06-25,615.9075,Inverno
1377,2022-06-26,613.634,Inverno
1378,2022-06-27,586.635,Inverno
1379,2022-06-28,592.5005,Inverno
1380,2022-06-29,586.4155,Inverno
1381,2022-06-30,818.252,Inverno
1382,2022-07-01,795.86,Inverno
1383,2022-07-02,780.077,Inverno
1384,2022-07-03,600.807,Inverno
1385,2022-07-04,617.364,Inverno
1386,2022-07-05,806.444,Inverno
1387,2022-07-06,715.0029999999999,Inverno
1388,2022-07-07,793.988,Inverno
1389,2022-07-08,722.549,Inverno
1390,2022-07-09,788.875,Inverno
1391,2022-07-10,588.371,Inverno
1392,2022-07-11,796.751,Inverno
1393,2022-07-12,474.898,Inverno
1394,2022-07-13,418.291,Inverno
1395,2022-07-14,777.556,Inverno
1396,2022-07-15,667.24,Inverno
1397,2022-07-16,666.59,Inverno
1398,2022-07-17,529.7280000000001,Inverno
1399,2022-07-18,404.617,Inverno
1400,2022-07-19,735.954,Inverno
1401,2022-07-20,769.7950000000001,Inverno
1402,2022-07-21,785.003,Inverno
1403,2022-07-22,798.654,Inverno
1404,2022-07-23,801.115,Inverno
1405,2022-07-24,611.623,Inverno
1406,2022-07-25,798.824,Inverno
1407,2022-07-26,793.427,Inverno
1408,2022-07-27,784.425,Inverno
1409,2022-07-28,791.696,Inverno
1410,2022-07-29,578.866,Inverno
1411,2022-07-30,882.246,Inverno
1412,2022-07-31,820.684,Inverno
1413,2022-08-01,739.931,Inverno
1414,2022-08-02,794.449,Inverno
1415,2022-08-03,738.793,Inverno
1416,2022-08-04,721.368,Inverno
1417,2022-08-05,737.928,Inverno
1418,2022-08-06,661.491,Inverno
1419,2022-08-10,591.985,Inverno
1420,2022-08-11,886.6370000000001,Inverno
1421,2022-08-12,905.514,Inverno
1422,2022-08-13,868.4499999999999,Inverno
1423,2022-08-14,840.614,Inverno
1424,2022-08-15,845.9,Inverno
1425,2022-08-16,683.583,Inverno
1426,2022-08-19,495.034,Inverno
1427,2022-08-20,588.773,Inverno
1428,2022-08-21,372.287,Inverno
1429,2022-08-22,875.404,Inverno
1430,2022-08-23,862.561,Inverno
1431,2022-08-24,539.327,Inverno
1432,2022-08-25,785.794,Inverno
1433,2022-08-26,812.39,Inverno
1434,2022-08-27,914.804,Inverno
1435,2022-08-28,674.208,Inverno
1436,2022-08-29,814.206,Inverno
1437,2022-08-30,528.143,Inverno
1438,2022-08-31,520.04,Inverno
1439,2022-09-01,899.351,Inverno
1440,2022-09-02,881.755,Inverno
1441,2022-09-03,823.88,Inverno
1442,2022-09-04,698.284,Inverno
1443,2022-09-05,561.34,Inverno
1444,2022-09-06,699.4250000000001,Inverno
1445,2022-09-07,626.79,Inverno
1446,2022-09-08,769.032,Inverno
1447,2022-09-09,852.0459999999999,Inverno
1448,2022-09-10,773.914,Inverno
1449,2022-09-11,821.78,Inverno
1450,2022-09-12,675.562,Inverno
1451,2022-09-13,683.754,Inverno
1452,2022-09-16,764.088,Inverno
1453,2022-09-17,647.615,Inverno
1454,2022-09-18,835.2615000000001,Inverno
1455,2022-09-19,534.6,Inverno
1456,2022-09-20,416.433,Inverno
1457,2022-09-23,652.371,Primavera
1458,2022-09-24,582.36,Primavera
1459,2022-09-25,582.36,Primavera
1460,2022-09-26,455.386,Primavera
1461,2022-09-29,576.804,Primavera
1462,2022-10-01,930.132,Primavera
1463,2022-10-02,930.1,Primavera
1464,2022-10-03,838.534,Primavera
1465,2022-10-04,790.658,Primavera
1466,2022-10-05,919.349,Primavera
1467,2022-10-06,777.606,Primavera
1468,2022-10-07,617.838,Primavera
1469,2022-10-11,440.6155,Primavera
1470,2022-10-13,421.648,Primavera
1471,2022-10-14,712.874,Primavera
1472,2022-10-15,655.0625,Primavera
1473,2022-10-16,696.418,Primavera
1474,2022-10-17,653.879,Primavera
1475,2022-10-19,560.5345,Primavera
1476,2022-10-20,406.2,Primavera
1477,2022-10-21,426.17449999999997,Primavera
1478,2022-10-22,795.446,Primavera
1479,2022-10-23,642.4350000000001,Primavera
1480,2022-10-24,884.2650000000001,Primavera
1481,2022-10-26,870.1465000000001,Primavera
1482,2022-10-28,503.415,Primavera
1483,2022-10-29,456.8935,Primavera
1484,2022-10-30,756.087,Primavera
1485,2022-10-31,454.873,Primavera
1486,2022-11-02,473.0395,Primavera
1487,2022-11-03,622.935,Primavera
1488,2022-11-04,718.272,Primavera
1489,2022-11-05,666.02,Primavera
1490,2022-11-06,619.543,Primavera
1491,2022-11-07,886.4015,Primavera
1492,2022-11-08,877.0575,Primavera
1493,2022-11-09,883.343,Primavera
1494,2022-11-10,845.819,Primavera
1495,2022-11-12,758.8499999999999,Primavera
1496,2022-11-13,746.058,Primavera
1497,2022-11-14,716.74,Primavera
1498,2022-11-15,913.4205000000001,Primavera
1499,2022-11-16,909.489,Primavera
1500,2022-11-17,912.3844999999999,Primavera
1501,2022-11-18,864.817,Primavera
1502,2022-11-19,868.2115000000001,Primavera
1503,2022-11-20,874.2094999999999,Primavera
1504,2022-11-21,706.6510000000001,Primavera
1505,2022-11-22,570.232,Primavera
1506,2022-11-23,615.018,Primavera
1507,2022-11-24,787.9775,Primavera
1508,2022-11-25,871.8255,Primavera
1509,2022-11-26,879.0615,Primavera
1510,2022-11-27,870.1005,Primavera
1511,2022-11-28,769.649,Primavera
1512,2022-11-29,690.0745,Primavera
1513,2022-11-30,705.343,Primavera
1514,2022-12-01,712.9025,Primavera
1515,2022-12-02,488.7,Primavera
1516,2022-12-03,480.803,Primavera
1517,2022-12-05,485.61400000000003,Primavera
1518,2022-12-06,490.8455,Primavera
1519,2022-12-07,572.36,Primavera
1520,2022-12-08,651.1675,Primavera
1521,2022-12-09,696.2135000000001,Primavera
1522,2022-12-10,506.5265,Primavera
1523,2022-12-11,536.1514999999999,Primavera
1524,2022-12-14,706.6614999999999,Primavera
1525,2022-12-15,733.827,Primavera
1526,2022-12-16,705.3515,Primavera
1527,2022-12-17,801.004,Primavera
1528,2022-12-18,612.717,Primavera
1529,2022-12-19,486.30150000000003,Primavera
1530,2022-12-20,610.2525,Primavera
1531,2022-12-21,812.1765,Verão
1532,2022-12-22,855.8385000000001,Verão
1533,2022-12-23,855.299,Verão
1534,2022-12-24,849.9604999999999,Verão
1535,2022-12-25,621.78,Verão
1536,2022-12-26,518.476,Verão
1537,2022-12-27,657.2090000000001,Verão
1538,2022-12-28,594.032,Verão
1539,2022-12-30,683.4549999999999,Verão
1540,2022-12-31,541.3774999999999,Verão
1541,2023-01-01,733.035,Verão
1542,2023-01-02,629.1735,Verão
1543,2023-01-03,532.74,Verão
1544,2023-01-04,359.4085,Verão
1545,2023-01-05,367.239,Verão
1546,2023-01-06,466.862,Verão
1547,2023-01-07,538.08,Verão
1548,2023-01-08,576.504,Verão
1549,2023-01-09,688.2139999999999,Verão
1550,2023-01-10,721.673,Verão
1551,2023-01-11,713.892,Verão
1552,2023-01-12,786.944,Verão
1553,2023-01-13,813.074,Verão
1554,2023-01-14,841.008,Verão
1555,2023-01-15,777.136,Verão
1556,2023-01-16,690.04,Verão
1557,2023-01-18,804.587,Verão
1558,2023-01-19,767.445,Verão
1559,2023-01-20,564.472,Verão
1560,2023-01-21,448.349,Verão
1561,2023-01-22,729.963,Verão
1562,2023-01-23,748.838,Verão
1563,2023-01-24,773.54,Verão
1564,2023-01-27,926.176,Verão
1565,2023-01-28,578.265,Verão
1566,2023-01-29,898.5,Verão
1567,2023-01-30,652.065,Verão
1568,2023-01-31,552.6850000000001,Verão
1569,2023-02-01,611.806,Verão
1570,2023-02-02,577.003,Verão
1571,2023-02-03,589.006,Verão
1572,2023-02-04,785.329,Verão
1573,2023-02-05,695.637,Verão
1574,2023-02-06,798.788,Verão
1575,2023-02-07,657.242,Verão
1576,2023-02-08,879.558,Verão
1577,2023-02-09,710.207,Verão
1578,2023-02-10,739.407,Verão
1579,2023-02-11,517.959,Verão
1580,2023-02-12,648.622,Verão
1581,2023-02-13,892.483,Verão
1582,2023-02-14,883.994,Verão
1583,2023-02-15,693.0749999999999,Verão
1584,2023-02-16,787.498,Verão
1585,2023-02-17,513.953,Verão
1586,2023-02-18,633.59,Verão
1587,2023-02-19,518.408,Verão
1588,2023-02-20,606.327,Verão
1589,2023-02-21,449.861,Verão
1590,2023-02-22,949.577,Verão
1591,2023-02-23,539.546,Verão
1592,2023-02-24,668.212,Verão
1593,2023-02-25,948.672,Verão
1594,2023-02-26,500.93300000000005,Verão
1595,2023-02-27,831.886,Verão
1596,2023-02-28,614.07,Verão
1597,2023-03-01,633.456,Verão
1598,2023-03-02,936.0360000000001,Verão
1599,2023-03-03,921.015,Verão
1600,2023-03-04,752.493,Verão
1601,2023-03-05,643.223,Verão
1602,2023-03-06,738.3919999999999,Verão
1603,2023-03-07,872.406,Verão
1604,2023-03-08,920.532,Verão
1605,2023-03-09,751.296,Verão
1606,2023-03-12,496.103,Verão
1607,2023-03-13,495.406,Verão
1608,2023-03-14,557.619,Verão
1609,2023-03-15,546.461,Verão
1610,2023-03-16,534.967,Verão
1611,2023-03-17,406.238,Verão
1612,2023-03-19,382.948,Verão
1613,2023-03-20,828.038,Verão
1614,2023-03-22,864.0930000000001,Outono
1615,2023-03-25,922.344,Outono
1616,2023-03-26,901.2,Outono
1617,2023-03-27,856.845,Outono
1618,2023-03-28,777.211,Outono
1619,2023-03-30,902.682,Outono
1620,2023-03-31,901.16,Outono
1621,2023-04-01,937.427,Outono
1622,2023-04-03,946.822,Outono
1623,2023-04-04,898.923,Outono
1624,2023-04-05,907.18,Outono
1625,2023-04-06,911.336,Outono
1626,2023-04-09,407.754,Outono
1627,2023-04-10,581.047,Outono
1628,2023-04-11,654.856,Outono
1629,2023-04-12,602.983,Outono
1630,2023-04-13,763.3149999999999,Outono
1631,2023-04-14,363.345,Outono
1632,2023-04-15,600.759,Outono
1633,2023-04-16,941.9459999999999,Outono
1634,2023-04-17,569.367,Outono
1635,2023-04-18,384.24,Outono
1636,2023-04-19,603.4639999999999,Outono
1637,2023-04-20,708.46,Outono
1638,2023-04-22,853.773,Outono
1639,2023-04-24,781.989,Outono
1640,2023-04-26,524.175,Outono
1641,2023-04-27,426.454,Outono
1642,2023-04-28,699.18,Outono
1643,2023-04-29,851.716,Outono
1644,2023-04-30,897.074,Outono
1645,2023-05-01,670.668,Outono
1646,2023-05-02,737.326,Outono
1647,2023-05-03,754.526,Outono
1648,2023-05-04,734.518,Outono
1649,2023-05-05,866.957,Outono
1650,2023-05-06,805.117,Outono
1651,2023-05-07,525.1179999999999,Outono
1652,2023-05-08,830.761,Outono
1653,2023-05-09,618.52,Outono
1654,2023-05-10,416.67,Outono
1655,2023-05-11,667.061,Outono
1656,2023-05-12,822.91,Outono
1657,2023-05-13,892.335,Outono
1658,2023-05-14,766.893,Outono
1659,2023-05-15,880.072,Outono
1660,2023-05-16,901.009,Outono
1661,2023-05-17,909.236,Outono
1662,2023-05-18,888.065,Outono
1663,2023-05-19,864.982,Outono
1664,2023-05-20,484.771,Outono
1665,2023-05-22,530.62,Outono
1666,2023-05-23,783.831,Outono
1667,2023-05-24,790.505,Outono
1668,2023-05-25,769.914,Outono
1669,2023-05-26,762.508,Outono
1670,2023-05-27,721.297,Outono
1671,2023-05-29,364.726,Outono
1672,2023-05-31,411.428,Outono
1673,2023-06-01,508.59,Outono
1674,2023-06-02,707.4195,Outono
1675,2023-06-03,429.5875,Outono
1676,2023-06-05,688.4304999999999,Outono
1677,2023-06-06,692.7405,Outono
1678,2023-06-07,677.063,Outono
1679,2023-06-08,606.3534999999999,Outono
1680,2023-06-09,686.646,Outono
1681,2023-06-10,469.813,Outono
1682,2023-06-11,421.671,Outono
1683,2023-06-12,405.784,Outono
1684,2023-06-16,436.77500000000003,Outono
1685,2023-06-17,818.2040000000001,Outono
1686,2023-06-18,395.556,Outono
1687,2023-06-19,829.553,Outono
1688,2023-06-20,821.332,Outono
1689,2023-06-21,681.453,Inverno
1690,2023-06-22,555.713,Inverno
1691,2023-06-23,661.851,Inverno
1692,2023-06-26,817.473,Inverno
1693,2023-06-27,802.209,Inverno
1694,2023-06-28,776.409,Inverno
1695,2023-06-29,804.695,Inverno
1696,2023-06-30,793.651,Inverno
1697,2023-07-01,686.6220000000001,Inverno
1698,2023-07-02,723.505,Inverno
1699,2023-07-03,822.786,Inverno
1700,2023-07-04,822.5260000000001,Inverno
1701,2023-07-05,784.022,Inverno
1702,2023-07-06,795.1320000000001,Inverno
1703,2023-07-07,655.435,Inverno
1704,2023-07-08,678.7139999999999,Inverno
1705,2023-07-09,621.368,Inverno
1706,2023-07-10,677.837,Inverno
1707,2023-07-11,759.076,Inverno
1708,2023-07-12,645.203,Inverno
1709,2023-07-13,499.87100000000004,Inverno
1710,2023-07-14,877.672,Inverno
1711,2023-07-15,723.529,Inverno
1712,2023-07-16,351.032,Inverno
1713,2023-07-17,508.846,Inverno
1714,2023-07-18,627.865,Inverno
1715,2023-07-19,690.882,Inverno
1716,2023-07-20,812.732,Inverno
1717,2023-07-21,806.948,Inverno
1718,2023-07-24,685.545,Inverno
1719,2023-07-25,621.6850000000001,Inverno
1720,2023-07-26,683.9449999999999,Inverno
1721,2023-07-27,739.985,Inverno
1722,2023-07-28,729.361,Inverno
1723,2023-07-29,802.288,Inverno
1724,2023-07-31,733.634,Inverno
1725,2023-08-01,602.772,Inverno
1726,2023-08-02,721.748,Inverno
1727,2023-08-03,808.269,Inverno
1728,2023-08-04,826.589,Inverno
1729,2023-08-05,825.198,Inverno
1730,2023-08-06,596.254,Inverno
1731,2023-08-07,766.506,Inverno
1732,2023-08-08,731.572,Inverno
1733,2023-08-09,714.392,Inverno
1734,2023-08-10,798.726,Inverno
1735,2023-08-11,703.32,Inverno
1736,2023-08-12,716.484,Inverno
1737,2023-08-13,372.953,Inverno
1738,2023-08-14,492.041,Inverno
1739,2023-08-15,613.603,Inverno
1740,2023-08-16,633.94,Inverno
1741,2023-08-17,755.499,Inverno
1742,2023-08-18,765.561,Inverno
1743,2023-08-20,379.862,Inverno
1744,2023-08-21,842.086,Inverno
1745,2023-08-22,898.907,Inverno
1746,2023-08-23,791.381,Inverno
1747,2023-08-24,623.275,Inverno
1748,2023-08-25,667.54,Inverno
1749,2023-08-26,458.118,Inverno
1750,2023-08-28,739.815,Inverno
1751,2023-08-29,486.53,Inverno
1752,2023-08-30,669.65,Inverno
1753,2023-09-01,920.956,Inverno
1754,2023-09-02,834.62,Inverno
1755,2023-09-03,659.412,Inverno
1756,2023-09-04,707.4,Inverno
1757,2023-09-05,815.41,Inverno
1758,2023-09-06,910.419,Inverno
1759,2023-09-07,870.853,Inverno
1760,2023-09-08,916.015,Inverno
1761,2023-09-09,396.48199999999997,Inverno
1762,2023-09-13,860.282,Inverno
1763,2023-09-17,826.1419999999999,Inverno
1764,2023-09-18,681.707,Inverno
1765,2023-09-19,931.028,Inverno
1766,2023-09-20,947.968,Inverno
1767,2023-09-21,932.775,Primavera
1768,2023-09-22,908.026,Primavera
1769,2023-09-23,900.3910000000001,Primavera
1770,2023-09-24,809.549,Primavera
1771,2023-09-25,778.577,Primavera
1772,2023-09-26,838.934,Primavera
1773,2023-09-27,724.133,Primavera
1774,2023-09-28,922.027,Primavera
1775,2023-09-29,872.02,Primavera
1776,2023-09-30,850.426,Primavera
1777,2023-10-01,409.516,Primavera
1778,2023-10-02,631.607,Primavera
1779,2023-10-03,854.855,Primavera
1780,2023-10-04,663.455,Primavera
1781,2023-10-05,787.178,Primavera
1782,2023-10-06,779.296,Primavera
1783,2023-10-07,427.619,Primavera
1784,2023-10-08,494.342,Primavera
1785,2023-10-09,605.475,Primavera
1786,2023-10-12,748.86,Primavera
1787,2023-10-13,566.785,Primavera
1788,2023-10-14,739.586,Primavera
1789,2023-10-15,688.749,Primavera
1790,2023-10-17,667.429,Primavera
1791,2023-10-19,762.0070000000001,Primavera
1792,2023-10-20,538.48,Primavera
1793,2023-10-22,593.2330000000001,Primavera
1794,2023-10-24,734.984,Primavera
1795,2023-10-25,737.581,Primavera
1796,2023-10-26,731.075,Primavera
1797,2023-10-27,645.8009999999999,Primavera
1798,2023-10-28,606.03,Primavera
1799,2023-10-29,375.951,Primavera
1800,2023-10-30,610.981,Primavera
1801,2023-10-31,439.11,Primavera
1802,2023-11-01,555.482,Primavera
1803,2023-11-03,783.8580000000001,Primavera
1804,2023-11-04,693.628,Primavera
1805,2023-11-05,661.6899999999999,Primavera
1806,2023-11-09,781.008,Primavera
1807,2023-11-12,491.441,Primavera
1808,2023-11-13,893.865,Primavera
1809,2023-11-15,944.6999999999999,Primavera
1810,2023-11-16,921.849,Primavera
1811,2023-11-17,728.164,Primavera
1812,2023-11-18,891.896,Primavera
1813,2023-11-19,604.4979999999999,Primavera
1814,2023-11-20,792.166,Primavera
1815,2023-11-21,844.4399999999999,Primavera
1816,2023-11-22,581.184,Primavera
1817,2023-11-23,516.859,Primavera
1818,2023-11-24,627.029,Primavera
1819,2023-11-25,561.451,Primavera
1820,2023-11-26,402.941,Primavera
1821,2023-11-27,592.393,Primavera
1822,2023-11-28,575.432,Primavera
1823,2023-11-29,576.477,Primavera
1824,2023-11-30,891.447,Primavera
1825,2023-12-01,893.8149999999999,Primavera
1826,2023-12-02,922.466,Primavera
1827,2023-12-03,811.45,Primavera
1828,2023-12-04,675.12,Primavera
1829,2023-12-05,705.251,Primavera
1830,2023-12-07,824.332,Primavera
1831,2023-12-08,897.768,Primavera
1832,2023-12-10,661.6940000000001,Primavera
1833,2023-12-11,830.279,Primavera
1834,2023-12-12,879.558,Primavera
1835,2023-12-16,861.288,Primavera
1836,2023-12-17,874.319,Primavera
1837,2023-12-18,843.364,Primavera
1838,2023-12-19,894.294,Primavera
1839,2023-12-20,918.77,Primavera
1840,2023-12-21,942.5219999999999,Verão
1841,2023-12-22,680.067,Verão
1842,2023-12-23,641.075,Verão
1843,2023-12-24,809.264,Verão
1844,2023-12-25,406.829,Verão
1845,2023-12-26,886.193,Verão
1846,2023-12-29,933.179,Verão
1847,2023-12-30,606.899,Verão
1848,2023-12-31,565.681,Verão
1849,2024-01-01,513.259,Verão
1850,2024-01-02,859.39,Verão
1851,2024-01-03,910.36,Verão
1852,2024-01-05,819.169,Verão
1853,2024-01-06,945.458,Verão
1854,2024-01-10,805.06,Verão
1855,2024-01-11,617.933,Verão
1856,2024-01-12,671.592,Verão
1857,2024-01-13,372.262,Verão
1858,2024-01-14,812.949,Verão
1859,2024-01-15,746.2860000000001,Verão
1860,2024-01-16,894.324,Verão
1861,2024-01-17,949.811,Verão
1862,2024-01-19,747.643,Verão
1863,2024-01-20,451.331,Verão
1864,2024-01-21,599.241,Verão
1865,2024-01-22,756.082,Verão
1866,2024-01-23,426.55,Verão
1867,2024-01-24,912.285,Verão
1868,2024-01-25,928.392,Verão
1869,2024-01-29,905.453,Verão
1870,2024-02-02,902.4905,Verão
1871,2024-02-03,545.902,Verão
1872,2024-02-04,462.759,Verão
1873,2024-02-05,623.654,Verão
1874,2024-02-06,544.3775,Verão
1875,2024-02-07,591.575,Verão
1876,2024-02-08,842.664,Verão
1877,2024-02-09,818.651,Verão
1878,2024-02-10,926.247,Verão
1879,2024-02-11,687.431,Verão
1880,2024-02-12,919.144,Verão
1881,2024-02-13,922.301,Verão
1882,2024-02-14,567.308,Verão
1883,2024-02-15,417.002,Verão
1884,2024-02-16,608.025,Verão
1885,2024-02-17,890.895,Verão
1886,2024-02-18,667.198,Verão
1887,2024-02-19,822.179,Verão
1888,2024-02-20,681.052,Verão
1889,2024-02-21,679.069,Verão
1890,2024-02-22,798.584,Verão
1891,2024-02-23,468.56600000000003,Verão
1892,2024-02-25,758.627,Verão
1893,2024-02-27,915.0859999999999,Verão
1894,2024-02-28,929.376,Verão
1895,2024-02-29,767.84,Verão
1896,2024-03-01,927.69,Verão
1897,2024-03-02,825.68,Verão
1898,2024-03-03,847.846,Verão
1899,2024-03-04,773.81,Verão
1900,2024-03-05,736.663,Verão
1901,2024-03-06,739.883,Verão
1902,2024-03-07,755.542,Verão
1903,2024-03-08,695.154,Verão
1904,2024-03-09,690.211,Verão
1905,2024-03-10,526.417,Verão
1906,2024-03-14,916.159,Verão
1907,2024-03-15,931.544,Verão
1908,2024-03-17,560.354,Verão
1909,2024-03-18,802.5889999999999,Verão
1910,2024-03-19,630.595,Verão
1911,2024-03-21,544.233,Outono
1912,2024-03-22,420.798,Outono
1913,2024-03-25,545.972,Outono
1914,2024-03-28,511.037,Outono
1915,2024-03-30,552.217,Outono
1916,2024-03-31,654.043,Outono
1917,2024-04-01,750.564,Outono
1918,2024-04-02,494.521,Outono
1919,2024-04-03,830.09,Outono
1920,2024-04-04,788.413,Outono
1921,2024-04-05,755.856,Outono
1922,2024-04-06,666.437,Outono
1923,2024-04-07,842.055,Outono
1924,2024-04-08,534.787,Outono
1925,2024-04-09,599.374,Outono
1926,2024-04-10,718.301,Outono
1927,2024-04-11,697.434,Outono
1928,2024-04-12,686.722,Outono
1929,2024-04-13,634.441,Outono
1930,2024-04-14,371.481,Outono
1931,2024-04-15,610.454,Outono
1932,2024-04-16,620.587,Outono
1933,2024-04-17,588.172,Outono
1934,2024-04-18,551.9060000000001,Outono
1935,2024-04-20,767.977,Outono
1936,2024-04-22,869.181,Outono
1937,2024-04-23,651.8539999999999,Outono
1938,2024-04-24,661.097,Outono
1939,2024-04-25,620.527,Outono
1940,2024-04-26,890.1220000000001,Outono
1941,2024-04-27,674.0145,Outono
1942,2024-04-28,514.09,Outono
1943,2024-04-29,719.8420000000001,Outono
1944,2024-04-30,784.72,Outono
1945,2024-05-01,803.511,Outono
1946,2024-05-02,828.129,Outono
1947,2024-05-03,781.992,Outono
1948,2024-05-04,490.681,Outono
1949,2024-05-06,585.604,Outono
1950,2024-05-07,793.016,Outono
1951,2024-05-08,656.073,Outono
1952,2024-05-09,749.356,Outono
1953,2024-05-10,783.866,Outono
1954,2024-05-11,792.039,Outono
1955,2024-05-12,375.21,Outono
1956,2024-05-13,578.144,Outono
1957,2024-05-14,618.3695,Outono
1958,2024-05-15,545.501,Outono
1959,2024-05-16,573.124,Outono
1960,2024-05-17,563.519,Outono
1961,2024-05-18,739.871,Outono
1962,2024-05-19,404.116,Outono
1963,2024-05-20,650.524,Outono
1964,2024-05-21,415.914,Outono
1965,2024-05-22,662.0595,Outono
1966,2024-05-23,654.5585,Outono
1967,2024-05-29,668.5635,Outono
1968,2024-05-30,558.9105,Outono
1969,2024-05-31,504.699,Outono
1970,2024-06-03,553.6015,Outono
1971,2024-06-04,803.669,Outono
1972,2024-06-05,793.067,Outono
1973,2024-06-06,615.17,Outono
1974,2024-06-07,740.2420000000001,Outono
1975,2024-06-08,672.788,Outono
1976,2024-06-10,517.6899999999999,Outono
1977,2024-06-11,783.066,Outono
1978,2024-06-12,648.077,Outono
1979,2024-06-13,589.908,Outono
1980,2024-06-14,498.247,Outono
1981,2024-06-15,510.263,Outono
1982,2024-06-17,598.476,Outono
1983,2024-06-18,736.067,Outono
1984,2024-06-19,724.891,Outono
1985,2024-06-20,668.116,Outono
1986,2024-06-21,678.389,Inverno
1987,2024-06-22,386.629,Inverno
1988,2024-06-24,682.662,Inverno
1989,2024-06-25,667.926,Inverno
1990,2024-06-26,624.299,Inverno
1991,2024-06-27,613.553,Inverno
1992,2024-06-28,541.317,Inverno
1993,2024-06-29,659.1709999999999,Inverno
1994,2024-07-02,628.4490000000001,Inverno
1995,2024-07-03,525.833,Inverno
1996,2024-07-04,488.8,Inverno
1997,2024-07-05,379.5645,Inverno
1998,2024-07-06,632.3905,Inverno
1999,2024-07-08,431.8145,Inverno
2000,2024-07-11,544.9749999999999,Inverno
2001,2024-07-12,466.2875,Inverno
2002,2024-07-13,514.473,Inverno
2003,2024-07-15,610.6245,Inverno
2004,2024-07-16,525.0085,Inverno
2005,2024-07-17,654.6995,Inverno
2006,2024-07-18,682.7080000000001,Inverno
2007,2024-07-19,558.393,Inverno
2008,2024-07-22,578.772,Inverno
2009,2024-07-23,585.377,Inverno
2010,2024-07-24,597.186,Inverno
2011,2024-07-25,592.583,Inverno
2012,2024-07-26,596.105,Inverno
2013,2024-07-27,608.219,Inverno
2014,2024-07-28,675.607,Inverno
2015,2024-07-29,587.222,Inverno
2016,2024-07-30,508.834,Inverno
2017,2024-07-31,754.87,Inverno
2018,2024-08-01,533.831,Inverno
2019,2024-08-02,648.285,Inverno
2020,2024-08-03,767.843,Inverno
2021,2024-08-04,519.201,Inverno
2022,2024-08-05,819.129,Inverno
2023,2024-08-06,776.146,Inverno
2024,2024-08-07,674.8149999999999,Inverno
2025,2024-08-08,506.03000000000003,Inverno
2026,2024-08-10,866.973,Inverno
2027,2024-08-12,866.729,Inverno
2028,2024-08-13,882.871,Inverno
2029,2024-08-14,611.36,Inverno
2030,2024-08-15,863.244,Inverno
2031,2024-08-16,709.192,Inverno
2032,2024-08-17,795.625,Inverno
2033,2024-08-18,386.577,Inverno
2034,2024-08-19,806.3,Inverno
2035,2024-08-20,635.276,Inverno
2036,2024-08-21,858.445,Inverno
2037,2024-08-22,892.998,Inverno
